{"mean": 39.480992792500004, "std": 47.52644922513198}